tag,split_seed,class,recall
top32,0,Analysis,0.2452
top32,1,Analysis,0.322
top32,2,Analysis,0.2304
top32,0,Backdoor,0.6158
top32,1,Backdoor,0.5643
top32,2,Backdoor,0.6449
top32,0,DoS,0.2057
top32,1,DoS,0.2152
top32,2,DoS,0.1925
top32,0,Exploits,0.6019
top32,1,Exploits,0.5975
top32,2,Exploits,0.5988
top32,0,Fuzzers,0.6468
top32,1,Fuzzers,0.6681
top32,2,Fuzzers,0.6554
top32,0,Generic,0.9721
top32,1,Generic,0.9726
top32,2,Generic,0.9733
top32,0,Normal,0.6056
top32,1,Normal,0.603
top32,2,Normal,0.6077
top32,0,Reconnaissance,0.8493
top32,1,Reconnaissance,0.8501
top32,2,Reconnaissance,0.8527
top32,0,Shellcode,0.9577
top32,1,Shellcode,0.963
top32,2,Shellcode,0.963
top32,0,Worms,0.8636
top32,1,Worms,0.8636
top32,2,Worms,0.8409
full194,0,Analysis,0.1433
full194,1,Analysis,0.062
full194,2,Analysis,0.3028
full194,0,Backdoor,0.7581
full194,1,Backdoor,0.8542
full194,2,Backdoor,0.5523
full194,0,DoS,0.1898
full194,1,DoS,0.1773
full194,2,DoS,0.1756
full194,0,Exploits,0.6026
full194,1,Exploits,0.6045
full194,2,Exploits,0.5997
full194,0,Fuzzers,0.6636
full194,1,Fuzzers,0.666
full194,2,Fuzzers,0.6598
full194,0,Generic,0.9703
full194,1,Generic,0.9707
full194,2,Generic,0.9698
full194,0,Normal,0.608
full194,1,Normal,0.6052
full194,2,Normal,0.6068
full194,0,Reconnaissance,0.8493
full194,1,Reconnaissance,0.8481
full194,2,Reconnaissance,0.8501
full194,0,Shellcode,0.9577
full194,1,Shellcode,0.9577
full194,2,Shellcode,0.9762
full194,0,Worms,0.7727
full194,1,Worms,0.7955
full194,2,Worms,0.8182
