,0
service_dns,0.24376681
service_http,0.14947675
sttl,0.083147325
service_-,0.04031801
proto_udp,0.038376406
ct_state_ttl,0.025005952
proto_ospf,0.020997522
service_ftp-data,0.018347332
ct_dst_src_ltm,0.01821636
state_INT,0.01818022
sbytes,0.01747138
service_snmp,0.015255472
proto_unas,0.013096541
proto_st2,0.012178708
sloss,0.012133961
dttl,0.012124485
smean,0.01169723
state_FIN,0.011638463
proto_cbt,0.011567949
proto_arp,0.010842321
dbytes,0.01027773
service_irc,0.010067382
ct_flw_http_mthd,0.009237779
spkts,0.009237247
swin,0.00819989
dmean,0.0081585925
response_body_len,0.008131291
ct_src_dport_ltm,0.007408264
proto_sctp,0.0071148626
ct_srv_dst,0.00630728
state_RST,0.004479398
synack,0.0044388236
sload,0.0038946632
proto_pim,0.0033784176
dinpkt,0.0030730842
state_CON,0.0029968203
dloss,0.002938803
service_dhcp,0.002526436
trans_depth,0.0024121092
sinpkt,0.0022574079
ct_dst_sport_ltm,0.0021475472
dload,0.0020211006
proto_wb-expak,0.00190845
djit,0.0018845698
sjit,0.0018238615
proto_compaq-peer,0.0017444259
service_pop3,0.001723549
proto_idpr-cmtp,0.0017122783
proto_ipv6-no,0.0016503532
rate,0.0016480044
proto_i-nlsp,0.0016055049
dpkts,0.0015744304
proto_sprite-rpc,0.0015624824
ct_srv_src,0.0015040754
service_smtp,0.001498142
proto_stp,0.0014236796
proto_secure-vmtp,0.0013528491
proto_il,0.0012691632
proto_rvd,0.0012560103
is_ftp_login,0.0012325639
proto_bna,0.0012294978
proto_visa,0.00122895
proto_sm,0.0011904674
tcprtt,0.0011804705
ackdat,0.0011732464
proto_ipv6-opts,0.0011578819
proto_idrp,0.0011386214
proto_pnni,0.0011364006
proto_cftp,0.0011269221
proto_merit-inp,0.0011031772
proto_skip,0.0010895735
proto_icmp,0.00107467
proto_scps,0.0010488434
proto_ipv6-frag,0.0010345076
dur,0.0010248852
proto_rsvp,0.0010122405
ct_src_ltm,0.0010102717
proto_wsn,0.0009876424
proto_vmtp,0.00097379176
proto_idpr,0.00097226753
proto_gre,0.00095239753
stcpb,0.00094455964
dtcpb,0.0009437287
proto_ttp,0.0009284833
proto_3pc,0.00091060455
ct_dst_ltm,0.00087946135
proto_sdrp,0.00087139034
proto_ipv6,0.0008658376
proto_tcf,0.0008227209
proto_kryptolan,0.00082102075
proto_snp,0.0007915799
service_ftp,0.0007604609
proto_iplt,0.0007451592
proto_iso-ip,0.0007421669
proto_emcon,0.00072491943
proto_any,0.00071005436
proto_a/n,0.00067800656
proto_tp++,0.0006698326
proto_gmtp,0.00066427555
proto_dgp,0.0006591854
proto_zero,0.0006508193
proto_smp,0.0006494881
proto_argus,0.0006335772
proto_nsfnet-igp,0.00062892307
proto_ddx,0.00059833226
is_sm_ips_ports,0.000598251
proto_dcn,0.000598233
proto_mobile,0.0005865986
proto_ippc,0.0005533147
proto_ip,0.0005429514
proto_br-sat-mon,0.0005295403
proto_mhrp,0.000524349
service_ssl,0.0005238662
proto_eigrp,0.00052149437
proto_xns-idp,0.00051270245
proto_ptp,0.0004890838
proto_ax.25,0.0004843555
proto_crtp,0.00048385316
proto_tlsp,0.00048299195
proto_ddp,0.00047984807
proto_qnx,0.00047726813
proto_iatp,0.00047252738
proto_l2tp,0.00046519723
service_ssh,0.00044450347
proto_pgm,0.00043880165
proto_pvp,0.0004372083
proto_xtp,0.0004305749
proto_prm,0.00042734022
proto_chaos,0.00042730756
proto_mtp,0.00041434093
proto_wb-mon,0.00041080845
proto_fc,0.00040555996
proto_micp,0.00040554992
proto_sat-mon,0.00040537064
proto_encap,0.00040488114
proto_swipe,0.00040066105
proto_sccopmce,0.00039348134
proto_ipcomp,0.00037362304
proto_aris,0.00037268587
proto_egp,0.00036885557
proto_narp,0.00036658827
proto_ifmp,0.00036240407
proto_hmp,0.00035648682
proto_isis,0.00034921092
proto_ipip,0.00030915037
proto_trunk-2,0.00030722475
proto_irtp,0.00029809386
proto_bbn-rcc,0.0002965662
proto_sat-expak,0.00029426403
proto_nvp,0.00029245272
proto_sps,0.000286024
proto_crudp,0.00027993723
proto_sun-nd,0.0002797784
proto_srp,0.00027231217
proto_cpnx,0.0002667623
proto_aes-sp3-d,0.00026607284
proto_netblt,0.00025846277
proto_trunk-1,0.00025262966
proto_mfe-nsp,0.00024438527
proto_mux,0.0002441855
proto_cphb,0.00024387035
proto_vrrp,0.00024209809
proto_vines,0.00024140738
proto_rdp,0.00022995954
proto_pipe,0.00022992614
proto_sep,0.00022950485
proto_ipv6-route,0.00022847147
proto_leaf-2,0.00022822828
proto_ib,0.00022301979
proto_leaf-1,0.00022162471
proto_fire,0.00020464123
proto_pri-enc,0.0001513931
proto_ipx-n-ip,0.00014238924
proto_xnet,0.00013799478
proto_ggp,0.00013759536
proto_igmp,0.00010778667
service_radius,9.709893e-05
proto_igp,9.698637e-05
proto_ipcv,9.372874e-05
proto_ipnip,8.3306535e-05
proto_uti,7.878003e-05
proto_iso-tp4,6.9848786e-05
proto_pup,4.954549e-05
dwin,0.0
ct_ftp_cmd,0.0
proto_etherip,0.0
proto_larp,0.0
proto_rtp,0.0
proto_tcp,0.0
state_ECO,0.0
state_PAR,0.0
state_REQ,0.0
state_URN,0.0
state_no,0.0
