,recall_mean_std
top32|Analysis,0.120±0.000
top32|Backdoor,0.786±0.000
top32|DoS,0.198±0.000
top32|Exploits,0.597±0.000
top32|Fuzzers,0.650±0.000
top32|Generic,0.972±0.000
top32|Normal,0.604±0.000
top32|Reconnaissance,0.849±0.000
top32|Shellcode,0.966±0.000
top32|Worms,0.864±0.000
full194|Analysis,0.058±0.000
full194|Backdoor,0.842±0.000
full194|DoS,0.171±0.000
full194|Exploits,0.600±0.000
full194|Fuzzers,0.662±0.000
full194|Generic,0.970±0.000
full194|Normal,0.607±0.000
full194|Reconnaissance,0.850±0.000
full194|Shellcode,0.971±0.000
full194|Worms,0.818±0.000
