proportion,seed,config,n_train,smote_k_used,status,test_macro_f1,test_balanced_acc,minority_recall
1.0,0,none,140272,,ok,0.5019,0.5404,0.3364
1.0,0,class_weight,140272,,ok,0.5096,0.6515,0.658
1.0,0,smote,448000,,ok,0.5002,0.6018,0.4635
0.5,0,none,92536,,ok,0.4907,0.5129,0.2754
0.5,0,class_weight,92536,,ok,0.511,0.6326,0.6104
0.5,0,smote,448000,,ok,0.4988,0.5781,0.4193
0.25,0,none,68667,,ok,0.5044,0.498,0.2541
0.25,0,class_weight,68667,,ok,0.5095,0.5999,0.5141
0.25,0,smote,448000,,ok,0.492,0.5391,0.346
0.1,0,none,54347,,ok,0.4616,0.4497,0.181
0.1,0,class_weight,54347,,ok,0.4975,0.5531,0.373
0.1,0,smote,448000,,ok,0.4766,0.493,0.2642
1.0,1,none,140272,,ok,0.5017,0.5408,0.3331
1.0,1,class_weight,140272,,ok,0.5134,0.6541,0.6673
1.0,1,smote,448000,,ok,0.5022,0.6065,0.4746
0.5,1,none,92536,,ok,0.5063,0.5254,0.3094
0.5,1,class_weight,92536,,ok,0.5119,0.6363,0.619
0.5,1,smote,448000,,ok,0.4886,0.5859,0.4481
0.25,1,none,68667,,ok,0.4896,0.4912,0.2404
0.25,1,class_weight,68667,,ok,0.5048,0.6049,0.5245
0.25,1,smote,448000,,ok,0.4954,0.5462,0.3643
0.1,1,none,54347,,ok,0.443,0.4428,0.167
0.1,1,class_weight,54347,,ok,0.477,0.5326,0.3224
0.1,1,smote,448000,,ok,0.4538,0.4833,0.2388
1.0,2,none,140272,,ok,0.5126,0.5549,0.3687
1.0,2,class_weight,140272,,ok,0.5079,0.6511,0.6624
1.0,2,smote,448000,,ok,0.493,0.5959,0.4458
0.5,2,none,92536,,ok,0.5074,0.5373,0.345
0.5,2,class_weight,92536,,ok,0.5046,0.6203,0.5781
0.5,2,smote,448000,,ok,0.502,0.5724,0.4252
0.25,2,none,68667,,ok,0.5027,0.4971,0.2582
0.25,2,class_weight,68667,,ok,0.4915,0.5752,0.447
0.25,2,smote,448000,,ok,0.4991,0.5539,0.3832
0.1,2,none,54347,,ok,0.4496,0.4422,0.158
0.1,2,class_weight,54347,,ok,0.4731,0.5171,0.2989
0.1,2,smote,448000,,ok,0.4686,0.488,0.2545
