proportion,seed,config,n_train,test_macro_f1,test_balanced_acc,minority_recall
1.0,0,none,140272,0.5097,0.5497,0.357
1.0,0,class_weight,140272,0.5123,0.6549,0.6722
1.0,1,none,140272,0.5097,0.5497,0.357
1.0,1,class_weight,140272,0.5123,0.6549,0.6722
1.0,2,none,140272,0.5097,0.5497,0.357
1.0,2,class_weight,140272,0.5123,0.6549,0.6722
0.5,0,none,92536,0.5021,0.5171,0.2939
0.5,0,class_weight,92536,0.5082,0.6239,0.5868
0.5,1,none,92536,0.5021,0.5171,0.2939
0.5,1,class_weight,92536,0.5082,0.6239,0.5868
0.5,2,none,92536,0.5021,0.5171,0.2939
0.5,2,class_weight,92536,0.5082,0.6239,0.5868
0.25,0,none,68667,0.4926,0.4961,0.253
0.25,0,class_weight,68667,0.5034,0.606,0.5346
0.25,1,none,68667,0.4926,0.4961,0.253
0.25,1,class_weight,68667,0.5034,0.606,0.5346
0.25,2,none,68667,0.4926,0.4961,0.253
0.25,2,class_weight,68667,0.5034,0.606,0.5346
0.1,0,none,54347,0.468,0.4494,0.1601
0.1,0,class_weight,54347,0.5029,0.5515,0.3552
0.1,1,none,54347,0.468,0.4494,0.1601
0.1,1,class_weight,54347,0.5029,0.5515,0.3552
0.1,2,none,54347,0.468,0.4494,0.1601
0.1,2,class_weight,54347,0.5029,0.5515,0.3552
