group,model,comparison,tau,order_a,order_b,note
选型分割间,LR,验证集 Macro-F1 vs 测试集 Macro-F1,1.0,SMOTE > ROS > class_weight > none,SMOTE > ROS > class_weight > none,
选型分割间,XGBoost,验证集 Macro-F1 vs 测试集 Macro-F1,-1.0,SMOTE > none > ROS > class_weight,class_weight > ROS > none > SMOTE,
选型分割间,MLP,验证集 Macro-F1 vs 测试集 Macro-F1,0.333,SMOTE > ROS > none > class_weight,ROS > none > SMOTE > class_weight,
指标间,LR,mf1 vs ba,1.0,SMOTE > ROS > class_weight > none,SMOTE > ROS > class_weight > none,
指标间,XGBoost,mf1 vs ba,0.667,class_weight > ROS > none > SMOTE,class_weight > ROS > SMOTE > none,
指标间,MLP,mf1 vs ba,-0.333,ROS > none > SMOTE > class_weight,class_weight > ROS > SMOTE > none,
指标间,LR,mf1 vs minority_macro_recall,0.0,SMOTE > ROS > class_weight > none,class_weight > ROS > SMOTE > none,
指标间,XGBoost,mf1 vs minority_macro_recall,0.667,class_weight > ROS > none > SMOTE,class_weight > ROS > SMOTE > none,
指标间,MLP,mf1 vs minority_macro_recall,-0.333,ROS > none > SMOTE > class_weight,class_weight > ROS > SMOTE > none,
模型间,LR vs XGBoost,测试 Macro-F1 下方法排序,-0.333,SMOTE > ROS > class_weight > none,class_weight > ROS > none > SMOTE,
模型间,XGBoost vs MLP,测试 Macro-F1 下方法排序,0.0,class_weight > ROS > none > SMOTE,ROS > none > SMOTE > class_weight,
模型间,LR vs MLP,测试 Macro-F1 下方法排序,0.0,SMOTE > ROS > class_weight > none,ROS > none > SMOTE > class_weight,
模型间,LR vs XGBoost,测试 Balanced Acc 下方法排序,0.0,SMOTE > ROS > class_weight > none,class_weight > ROS > SMOTE > none,
模型间,XGBoost vs MLP,测试 Balanced Acc 下方法排序,1.0,class_weight > ROS > SMOTE > none,class_weight > ROS > SMOTE > none,
模型间,LR vs MLP,测试 Balanced Acc 下方法排序,0.0,SMOTE > ROS > class_weight > none,class_weight > ROS > SMOTE > none,
