config,seed,objective,n_weights_changed,valid_obj_tuned,valid_obj_baseline,test_macro_f1_base,test_macro_f1_moved,test_balanced_acc_base,test_balanced_acc_moved,test_minority_recall_base,test_minority_recall_moved,weights
none,0,macro_f1,10,0.6648,0.6192,0.5019,0.5367,0.5404,0.6024,0.3364,0.431,"[1.2, 2.4, 1.3, 0.5, 1.3, 1.7, 0.9, 0.5, 1.2, 1.4]"
none,0,minority_recall,7,0.8871,0.3861,0.5019,0.481,0.5404,0.4795,0.3364,0.1868,"[0.5, 0.5, 2.0, 2.5, 1.6, 1.0, 2.3, 1.0, 0.5, 1.0]"
class_weight,0,macro_f1,9,0.6658,0.6011,0.5096,0.5291,0.6515,0.6125,0.658,0.4611,"[0.6, 0.5, 1.9, 2.3, 1.5, 0.6, 2.5, 1.3, 0.6, 1.0]"
class_weight,0,minority_recall,8,0.6468,0.6137,0.5096,0.5228,0.6515,0.597,0.658,0.4124,"[0.5, 0.5, 2.5, 2.5, 2.5, 1.0, 2.5, 1.0, 0.5, 0.5]"
none,1,macro_f1,10,0.6706,0.6128,0.5017,0.5491,0.5408,0.6058,0.3331,0.4313,"[2.3, 1.8, 1.5, 0.5, 0.9, 0.7, 0.6, 0.5, 0.5, 2.2]"
none,1,minority_recall,8,0.8398,0.3743,0.5017,0.4801,0.5408,0.4909,0.3331,0.199,"[0.5, 0.6, 2.4, 2.5, 2.5, 1.0, 1.8, 1.0, 0.6, 0.7]"
class_weight,1,macro_f1,9,0.6638,0.6128,0.5134,0.5297,0.6541,0.613,0.6673,0.4722,"[0.7, 0.5, 1.7, 2.2, 0.6, 2.2, 1.1, 1.0, 0.5, 2.5]"
class_weight,1,minority_recall,9,0.6066,0.6127,0.5134,0.5264,0.6541,0.6099,0.6673,0.4466,"[0.5, 0.5, 2.5, 2.5, 2.4, 1.0, 2.1, 2.2, 0.5, 1.3]"
none,2,macro_f1,8,0.6698,0.6327,0.5126,0.5451,0.5549,0.6116,0.3687,0.4495,"[2.4, 1.7, 1.5, 0.5, 1.4, 1.6, 1.0, 0.5, 1.1, 1.0]"
none,2,minority_recall,8,0.8872,0.4477,0.5126,0.4937,0.5549,0.5113,0.3687,0.242,"[0.5, 0.5, 2.5, 2.3, 2.5, 1.0, 0.8, 1.6, 0.5, 1.0]"
class_weight,2,macro_f1,10,0.6705,0.6041,0.5079,0.5316,0.6511,0.6116,0.6624,0.4702,"[0.5, 0.6, 1.8, 2.2, 0.7, 2.3, 1.6, 0.6, 0.5, 0.6]"
class_weight,2,minority_recall,9,0.583,0.637,0.5079,0.5266,0.6511,0.6062,0.6624,0.4373,"[0.5, 0.5, 2.5, 2.5, 2.5, 1.0, 2.5, 1.2, 0.5, 0.5]"
