model,method,recall[Analysis],recall[Backdoor],recall[DoS],recall[Exploits],recall[Fuzzers],recall[Generic],recall[Normal],recall[Reconnaissance],recall[Shellcode],recall[Worms]
LR,ROS,0.5647,0.2236,0.1437,0.4511,0.6324,0.9629,0.5802,0.3903,0.7893,0.8182
LR,SMOTE,0.4648,0.335,0.1766,0.4519,0.6467,0.9628,0.5815,0.4256,0.7742,0.8182
LR,class_weight,0.582,0.2075,0.1453,0.4468,0.6381,0.9628,0.5794,0.3421,0.8122,0.8182
LR,none,0.0133,0.0,0.0274,0.7868,0.7329,0.963,0.6367,0.6868,0.0,0.0
MLP,ROS,0.3092,0.4569,0.1499,0.5448,0.6224,0.9617,0.587,0.8431,0.9074,0.5833
MLP,SMOTE,0.098,0.418,0.2665,0.5404,0.5481,0.9582,0.5942,0.8331,0.8995,0.5758
MLP,class_weight,0.1073,0.7067,0.1718,0.4804,0.6714,0.9622,0.5822,0.8148,0.7813,0.8106
MLP,none,0.0,0.0023,0.0561,0.9116,0.5067,0.9629,0.7573,0.784,0.3792,0.0985
XGBoost,ROS,0.0906,0.7524,0.177,0.6043,0.6613,0.9697,0.6081,0.8506,0.963,0.7803
XGBoost,SMOTE,0.0532,0.1938,0.4878,0.6318,0.5605,0.9696,0.7038,0.8356,0.925,0.6743
XGBoost,class_weight,0.0576,0.8422,0.1714,0.6003,0.6622,0.9696,0.6069,0.8498,0.9709,0.8182
XGBoost,none,0.0502,0.1389,0.0981,0.8711,0.5559,0.971,0.7633,0.8095,0.8069,0.4318
