model,method,seed,valid_macro_f1,test_macro_f1,test_balanced_acc,test_accuracy,fit_s,infer_test_s,model_pickle_bytes,n_train_after_resample,recall[Analysis],recall[Backdoor],recall[DoS],recall[Exploits],recall[Fuzzers],recall[Generic],recall[Normal],recall[Reconnaissance],recall[Shellcode],recall[Worms]
LR,class_weight,0,0.4083,0.3543,0.5534,0.6206,39.2,0.04,19098,140272,0.582,0.2075,0.1453,0.4468,0.6381,0.9628,0.5794,0.3421,0.8122,0.8182
LR,class_weight,1,0.4083,0.3543,0.5534,0.6206,38.1,0.04,19098,140272,0.582,0.2075,0.1453,0.4468,0.6381,0.9628,0.5794,0.3421,0.8122,0.8182
LR,class_weight,2,0.4083,0.3543,0.5534,0.6206,38.1,0.043,19098,140272,0.582,0.2075,0.1453,0.4468,0.6381,0.9628,0.5794,0.3421,0.8122,0.8182
LR,none,0,0.4056,0.3389,0.3847,0.6978,33.5,0.037,19088,140272,0.0133,0.0,0.0274,0.7868,0.7329,0.963,0.6367,0.6868,0.0,0.0
LR,none,1,0.4056,0.3389,0.3847,0.6978,35.1,0.041,19088,140272,0.0133,0.0,0.0274,0.7868,0.7329,0.963,0.6367,0.6868,0.0,0.0
LR,none,2,0.4056,0.3389,0.3847,0.6978,33.3,0.037,19088,140272,0.0133,0.0,0.0274,0.7868,0.7329,0.963,0.6367,0.6868,0.0,0.0
LR,ROS,0,0.4146,0.3582,0.5543,0.6232,168.4,0.042,3606286,448000,0.5805,0.187,0.1543,0.4513,0.6321,0.9628,0.5799,0.3884,0.7884,0.8182
LR,ROS,1,0.4161,0.3576,0.5564,0.6229,179.3,0.043,3606286,448000,0.5583,0.2436,0.1328,0.4522,0.6316,0.9631,0.5801,0.3953,0.7884,0.8182
LR,ROS,2,0.4138,0.3579,0.5563,0.623,173.0,0.043,3606286,448000,0.5554,0.2401,0.144,0.4497,0.6335,0.9628,0.5806,0.3873,0.791,0.8182
LR,SMOTE,0,0.4187,0.3677,0.565,0.6276,186.7,0.04,183963,140272,0.4668,0.3448,0.1778,0.4499,0.6463,0.9628,0.5816,0.4245,0.7778,0.8182
LR,SMOTE,1,0.4186,0.3664,0.5622,0.6278,173.2,0.042,183963,140272,0.4815,0.307,0.1709,0.4543,0.6476,0.9629,0.5812,0.4282,0.7698,0.8182
LR,SMOTE,2,0.4194,0.3676,0.564,0.6279,176.1,0.05,183963,140272,0.4461,0.3533,0.181,0.4516,0.6462,0.9628,0.5816,0.4242,0.7751,0.8182
MLP,class_weight,0,0.5046,0.4245,0.6198,0.6555,21.8,0.071,426832,140272,0.1994,0.5866,0.2565,0.4817,0.7032,0.9623,0.5816,0.7989,0.8095,0.8182
MLP,class_weight,1,0.4797,0.3978,0.6063,0.6496,19.4,0.073,426594,140272,0.0783,0.753,0.1345,0.4876,0.6496,0.9623,0.5866,0.8269,0.7434,0.8409
MLP,class_weight,2,0.4821,0.393,0.6005,0.6439,17.0,0.071,426458,140272,0.0443,0.7804,0.1245,0.4719,0.6613,0.9621,0.5785,0.8186,0.791,0.7727
MLP,none,0,0.4867,0.4162,0.438,0.7687,20.3,0.07,426728,140272,0.0,0.0,0.0474,0.9069,0.4371,0.9631,0.7906,0.7938,0.373,0.0682
MLP,none,1,0.5143,0.4276,0.4458,0.7494,26.6,0.071,427204,140272,0.0,0.0051,0.0538,0.917,0.5982,0.9631,0.7197,0.7775,0.3095,0.1136
MLP,none,2,0.5227,0.4295,0.4538,0.7604,22.6,0.07,426934,140272,0.0,0.0017,0.067,0.9108,0.4847,0.9624,0.7617,0.7806,0.455,0.1136
MLP,ROS,0,0.5229,0.4354,0.5904,0.6598,138.4,0.081,4015375,448000,0.3545,0.3911,0.1308,0.5501,0.6541,0.9631,0.5877,0.8424,0.9074,0.5227
MLP,ROS,1,0.5233,0.4302,0.5959,0.6555,144.2,0.084,4015528,448000,0.3693,0.4443,0.137,0.546,0.5828,0.9597,0.5904,0.8461,0.9153,0.5682
MLP,ROS,2,0.5231,0.4282,0.6034,0.6564,111.9,0.08,4014848,448000,0.2038,0.5352,0.182,0.5384,0.6303,0.9622,0.583,0.8407,0.8995,0.6591
MLP,SMOTE,0,0.5296,0.4182,0.5805,0.6522,143.8,0.077,593178,140272,0.0857,0.434,0.2661,0.5315,0.5429,0.9621,0.5842,0.8424,0.8968,0.6591
MLP,SMOTE,1,0.5328,0.4186,0.5851,0.6552,127.1,0.072,592775,140272,0.0576,0.5266,0.2309,0.5383,0.5602,0.9563,0.5929,0.8324,0.8968,0.6591
MLP,SMOTE,2,0.5387,0.4208,0.5539,0.6634,139.3,0.07,593087,140272,0.1507,0.2933,0.3025,0.5515,0.5412,0.9561,0.6056,0.8244,0.9048,0.4091
XGBoost,class_weight,0,0.6077,0.5123,0.6549,0.6808,27.2,0.397,7670186,140272,0.0576,0.8422,0.1714,0.6003,0.6622,0.9696,0.6069,0.8498,0.9709,0.8182
XGBoost,class_weight,1,0.6077,0.5123,0.6549,0.6808,26.9,0.4,7670186,140272,0.0576,0.8422,0.1714,0.6003,0.6622,0.9696,0.6069,0.8498,0.9709,0.8182
XGBoost,class_weight,2,0.6077,0.5123,0.6549,0.6808,26.9,0.386,7670197,140272,0.0576,0.8422,0.1714,0.6003,0.6622,0.9696,0.6069,0.8498,0.9709,0.8182
XGBoost,none,0,0.614,0.5097,0.5497,0.7689,28.9,0.497,7504906,140272,0.0502,0.1389,0.0981,0.8711,0.5559,0.971,0.7633,0.8095,0.8069,0.4318
XGBoost,none,1,0.614,0.5097,0.5497,0.7689,31.6,0.425,7504906,140272,0.0502,0.1389,0.0981,0.8711,0.5559,0.971,0.7633,0.8095,0.8069,0.4318
XGBoost,none,2,0.614,0.5097,0.5497,0.7689,27.4,0.446,7504917,140272,0.0502,0.1389,0.0981,0.8711,0.5559,0.971,0.7633,0.8095,0.8069,0.4318
XGBoost,ROS,0,0.611,0.5146,0.6476,0.6811,66.4,0.402,11352005,448000,0.161,0.7118,0.1756,0.6004,0.6631,0.9701,0.6069,0.8513,0.963,0.7727
XGBoost,ROS,1,0.6121,0.5091,0.6416,0.6837,67.8,0.408,11389965,448000,0.0502,0.717,0.1846,0.6109,0.6613,0.9698,0.6109,0.8501,0.9656,0.7955
XGBoost,ROS,2,0.6142,0.5085,0.648,0.6804,69.0,0.412,11400503,448000,0.0606,0.8285,0.1709,0.6015,0.6594,0.9692,0.6065,0.8504,0.9603,0.7727
XGBoost,SMOTE,0,0.6249,0.5057,0.6098,0.7317,98.8,0.421,8750472,140272,0.0295,0.2093,0.5004,0.6308,0.5612,0.9696,0.7035,0.835,0.9312,0.7273
XGBoost,SMOTE,1,0.6298,0.5036,0.5987,0.7321,99.8,0.388,8712921,140272,0.0783,0.1612,0.4808,0.6352,0.5665,0.9697,0.7042,0.837,0.918,0.6364
XGBoost,SMOTE,2,0.6285,0.5031,0.6021,0.7302,101.6,0.473,8731280,140272,0.0517,0.211,0.4823,0.6294,0.5538,0.9694,0.7036,0.8347,0.9259,0.6591
