model,split,macro_f1,balanced_acc,accuracy,fit_s,infer_test_s,recall
LR,valid,0.4056,0.4161,0.7768,33.7,0.041,
LR,test,0.3389,0.3847,0.6978,33.7,0.041,
LR,recall[Analysis],,,,,,0.0133
LR,recall[Backdoor],,,,,,0.0
LR,recall[DoS],,,,,,0.0274
LR,recall[Exploits],,,,,,0.7868
LR,recall[Fuzzers],,,,,,0.7329
LR,recall[Generic],,,,,,0.963
LR,recall[Normal],,,,,,0.6367
LR,recall[Reconnaissance],,,,,,0.6868
LR,recall[Shellcode],,,,,,0.0
LR,recall[Worms],,,,,,0.0
XGBoost,valid,0.614,0.5924,0.8363,29.2,0.366,
XGBoost,test,0.5097,0.5497,0.7689,29.2,0.366,
XGBoost,recall[Analysis],,,,,,0.0502
XGBoost,recall[Backdoor],,,,,,0.1389
XGBoost,recall[DoS],,,,,,0.0981
XGBoost,recall[Exploits],,,,,,0.8711
XGBoost,recall[Fuzzers],,,,,,0.5559
XGBoost,recall[Generic],,,,,,0.971
XGBoost,recall[Normal],,,,,,0.7633
XGBoost,recall[Reconnaissance],,,,,,0.8095
XGBoost,recall[Shellcode],,,,,,0.8069
XGBoost,recall[Worms],,,,,,0.4318
XGBoost+W,valid,0.6077,0.6898,0.7664,29.1,0.418,
XGBoost+W,test,0.5123,0.6549,0.6808,29.1,0.418,
XGBoost+W,recall[Analysis],,,,,,0.0576
XGBoost+W,recall[Backdoor],,,,,,0.8422
XGBoost+W,recall[DoS],,,,,,0.1714
XGBoost+W,recall[Exploits],,,,,,0.6003
XGBoost+W,recall[Fuzzers],,,,,,0.6622
XGBoost+W,recall[Generic],,,,,,0.9696
XGBoost+W,recall[Normal],,,,,,0.6069
XGBoost+W,recall[Reconnaissance],,,,,,0.8498
XGBoost+W,recall[Shellcode],,,,,,0.9709
XGBoost+W,recall[Worms],,,,,,0.8182
